exit,n,wr,exp,avg_w,avg_l,early_pct,avg_hold
Baseline (20d time exit),8434,0.5088925776618449,0.07529166868630703,0.29625904198415864,-0.1536779030651124,0.0,20.0
No gain by day 3,8434,0.4059758121887598,0.07237406663260879,0.3155765788453078,-0.09383858842054116,0.29926488024662085,14.912497035807446
No gain by day 5,8434,0.40609437989091773,0.07214455988262145,0.316729952441437,-0.09509540208861895,0.3523832108133744,14.714251837799383
Break 50MA,8434,0.53153900877401,0.05889800666039817,0.18430353657030946,-0.08339330961045284,0.7387953521460754,9.437870524069243
SPY drop >3%,8400,0.49988095238095237,0.07299137431753733,0.2809987009086439,-0.13491692474365208,0.2555952380952381,17.573214285714286
Day3 cutoff OR 50MA break,8434,0.5015413801280532,0.05818775327354837,0.17875440786760338,-0.06312455617765349,0.7824282665401945,8.099004031301874
Day5 cutoff OR SPY drop,8407,0.4117996907339122,0.06968765670198154,0.2941556110955059,-0.08746260782994594,0.49244677054835256,13.459616985845129
Day3 cutoff OR SPY drop,8408,0.40794481446241676,0.07055520723592502,0.29567995925061946,-0.08456289228404323,0.4619410085632731,13.438867745004757
